id,name,email,city,joined_date
1,Nilima Dada,chakradevbarad@example.com,Bhiwandi,2023-09-16
2,Krishna Rama,qprabhakar@example.net,Dharmavaram,2023-12-15
3,Hardik Suri,cmammen@example.net,Bellary,2025-03-07
4,Warinder Patil,pillaijagrati@example.org,Bally,2024-02-07
5,Suhani Chand,anshbedi@example.com,Cuttack,2025-09-12
6,Ekapad Johal,virajnarasimhan@example.org,Bally,2023-11-29
7,Zashil Ghosh,balkaran@example.org,Patiala,2025-10-19
8,Amol Ghosh,charles26@example.net,Rajkot,2025-04-27
9,Janaki Varghese,sethyahvi@example.org,Saharsa,2024-07-30
10,Azaan Bhat,bratti@example.net,Pallavaram,2025-03-08
11,Faris Nagy,dominicdate@example.com,Eluru,2025-11-02
12,Sudiksha Tiwari,ychaudhary@example.net,Suryapet,2024-03-18
13,Siya Kari,dnori@example.com,Bareilly,2024-08-16
14,Dhriti Kumer,michael71@example.org,Tiruchirappalli,2025-02-17
15,Kashish De,narayanjason@example.com,Bhusawal,2023-07-07
16,Devika Pandey,tripathisimon@example.org,Rajahmundry,2023-10-04
17,Jhalak Contractor,upkaar68@example.net,Narasaraopet,2026-02-03
18,Ayush Gole,dayamai55@example.org,Asansol,2025-09-14
19,Ekaraj Dhar,chandtanveer@example.com,Malda,2024-09-29
20,Kala Muni,frado02@example.org,Jodhpur,2024-06-14
21,Panini Sunder,rsachdeva@example.org,Hapur,2025-02-14
22,Bhanumati Sur,chakradev36@example.net,Chennai,2024-03-01
23,Siddharth Devan,bimala51@example.org,Chinsurah,2024-01-16
24,Lajita Walia,xitipandya@example.org,Kalyan-Dombivli,2025-02-24
25,Tripti Brahmbhatt,pushti96@example.net,Ramagundam,2023-10-14
26,Ansh Nair,trivenipathak@example.org,Aligarh,2024-04-30
27,Nandini Viswanathan,randhawadayita@example.net,Korba,2024-09-17
28,Faraj Uppal,waliyashvi@example.org,Etawah,2026-01-15
29,Warinder Chauhan,aahanahora@example.org,Aurangabad,2024-01-19
30,Ucchal Sen,diya27@example.org,Mango,2025-12-24
31,Anvi Bhalla,yashica14@example.com,Agra,2023-07-16
32,Bhavini Bose,tripathileena@example.com,Hospet,2025-09-23
33,Ekanta Soni,davidseshadri@example.org,Guwahati,2025-06-10
34,Balveer Kota,hsarna@example.net,Bharatpur,2024-11-18
35,Lila Rege,charles51@example.com,Proddatur,2026-03-07
36,Bhanumati Krishnan,gauribumb@example.net,Etawah,2024-08-12
37,Kai Chad,krisha52@example.net,Bhusawal,2025-06-16
38,Andrew Patil,pranit35@example.com,Kamarhati,2023-11-18
39,Faras Merchant,tripathibaljiwan@example.net,Tadipatri,2023-11-08
40,Mitesh Gaba,noahsarma@example.org,Bharatpur,2026-03-04
41,Sachi Mane,ikaur@example.org,Nandyal,2024-02-14
42,Ridhi Shenoy,lavanya88@example.com,Kollam,2025-11-13
43,Zashil Ben,jprabhu@example.org,Anantapuram,2023-08-27
44,Anjali Sengupta,rajeshrichand@example.org,Karnal,2023-05-30
45,Chatresh Randhawa,warinder61@example.com,Bhopal,2024-08-26
46,Gautami Dhingra,balvanmangat@example.com,Nandyal,2025-03-15
47,Fariq Bahl,tanveer28@example.net,Bhubaneswar,2024-07-09
48,Charvi Dara,khareoni@example.net,Rajkot,2023-10-08
49,Amol Varma,maanasmanne@example.com,Srikakulam,2024-10-18
50,Omaja Grover,viswanathanjalsa@example.org,Pali,2025-04-18
51,Lila Prakash,amol51@example.com,Vasai-Virar,2025-10-08
52,Kiaan Basu,hamsini27@example.net,South Dumdum,2023-11-14
53,Tanvi Bansal,saksham03@example.org,Tirupati,2025-06-27
54,Urvashi Kulkarni,halderbhavika@example.com,Bathinda,2024-06-16
55,Jhalak Sarkar,ysarraf@example.com,Mehsana,2026-03-29
56,Jhalak Venkataraman,fitan61@example.com,Bongaigaon,2024-07-18
57,Harshil Buch,chakrika47@example.net,Rourkela,2026-03-25
58,Indali Sekhon,panditradhika@example.com,Aurangabad,2026-02-24
59,Januja Varghese,azaandhar@example.net,Visakhapatnam,2023-11-01
60,Warinder Peri,leela90@example.net,Hospet,2024-11-15
61,Sachi Bose,jeevikarao@example.com,Kulti,2023-10-12
62,Quincy Tata,qdalal@example.com,Kakinada,2025-11-24
63,Vritti Iyengar,deshmukhethan@example.com,Raiganj,2023-09-02
64,Idika Bhattacharyya,charita22@example.com,Bhilai,2024-02-25
65,Warjas Tak,pateljyoti@example.com,Pudukkottai,2023-08-30
66,Dayamai Rao,avora@example.com,Cuttack,2024-08-23
67,Shivani Shukla,kabir89@example.org,Bhiwani,2025-06-08
68,Jeet Vasa,dakshagala@example.org,Kamarhati,2024-10-07
69,Farhan Krishna,anvidass@example.net,Srikakulam,2025-07-25
70,Yadavi Ganguly,onveernazareth@example.net,Bhopal,2023-08-23
71,Alka Kade,fbalasubramanian@example.net,Barasat,2025-05-08
72,Nidra Mishra,sbora@example.org,Gandhidham,2025-01-23
73,Ucchal Jani,maanas55@example.net,Silchar,2023-11-08
74,Yutika Cherian,wyatt71@example.com,Shahjahanpur,2023-11-23
75,Chandresh Mannan,psahota@example.org,Gangtok,2024-08-16
76,Nathaniel Tara,ttara@example.com,Mysore,2024-12-19
77,Wridesh Kale,chanakya04@example.com,Baranagar,2025-07-30
78,Hritik Sankar,aishanipau@example.com,Ranchi,2024-12-31
79,Robert Patil,ethan68@example.com,Phagwara,2023-10-20
80,Gunbir Ramesh,harinakshi85@example.org,Madanapalle,2025-06-17
81,Xiti Baria,baradlaksh@example.net,Bhalswa Jahangir Pur,2025-07-03
82,Manthan Varma,falaknagar@example.org,Tadepalligudem,2024-07-26
83,Yashica Upadhyay,emistry@example.org,Bathinda,2026-02-28
84,Omaja Morar,somalka@example.net,Faridabad,2025-10-11
85,Onkar Viswanathan,rdivan@example.org,Chapra,2026-04-11
86,Rayaan Bahl,amurthy@example.org,Kurnool,2025-01-15
87,David Devi,ektasridhar@example.net,Satara,2024-01-13
88,Hema Pandya,veda33@example.com,Kamarhati,2024-07-24
89,Sarthak Suresh,varsha58@example.net,Tumkur,2023-10-25
90,Megha Pai,binabasak@example.com,Sri Ganganagar,2025-03-06
91,Varenya Kala,anikamagar@example.org,Tadepalligudem,2025-10-16
92,Xavier Bedi,virajben@example.org,Bathinda,2025-04-21
93,Laksh Ahluwalia,niharikasoni@example.com,Tumkur,2024-08-29
94,Daniel Chakraborty,baljiwangill@example.com,Vadodara,2024-12-25
95,Quincy Mann,andrachanchal@example.net,Thanjavur,2024-07-04
96,Wakeeta Desai,mmahajan@example.org,Ujjain,2025-03-31
97,Quincy Atwal,chakrika93@example.org,Purnia,2025-06-27
98,Gabriel Rattan,goyallogan@example.com,Kulti,2023-04-29
99,Leela Keer,vloke@example.com,Bhilwara,2026-01-28
100,Warinder Bhatia,shroffdamyanti@example.org,Ambala,2026-04-15
101,Jacob Merchant,timothy32@example.com,Malda,2025-11-14
102,Ojasvi Sinha,yugbumb@example.net,Dehri,2026-04-16
103,Faras Choudhury,tiwarisamaksh@example.net,Dehradun,2024-09-09
104,Jackson Jha,gchand@example.com,Malda,2023-11-09
105,Tanmayi Bhardwaj,umorar@example.org,Rohtak,2023-04-23
106,Elijah Bath,spadmanabhan@example.org,Coimbatore,2025-04-21
107,Bhavini Rege,krishnasalvi@example.com,Sultan Pur Majra,2024-11-25
108,Faris Zacharia,ijayadani@example.org,Dehri,2023-11-02
109,Aarush Bajaj,ubika86@example.net,Berhampur,2024-05-07
110,Hiral Dubey,ranbir10@example.net,Srikakulam,2023-05-13
111,Samuel Bhavsar,bandisanya@example.net,Sambalpur,2023-06-26
112,Reva Kaur,dakshdey@example.net,Muzaffarpur,2025-09-29
113,Ekani Khalsa,luke83@example.com,Panipat,2023-07-22
114,Prisha Tandon,padmanabhanlakshmi@example.net,Erode,2025-01-12
115,Charita Puri,urvashikhosla@example.org,Asansol,2025-04-07
116,Nitara Saha,lipikakibe@example.com,Bathinda,2026-01-17
117,Shivani Prabhakar,wasonrayaan@example.org,Burhanpur,2026-02-28
118,Elijah Guha,varenyajoshi@example.com,Kanpur,2024-03-13
119,Jacob Srinivas,samarthranganathan@example.org,Ichalkaranji,2024-11-30
120,Jagrati Morar,jagvi87@example.com,Nandyal,2024-08-28
121,Kamala Munshi,kbath@example.org,Pune,2024-05-28
122,Chakrika Dua,forumkarpe@example.com,Panchkula,2025-08-21
123,Aarini Suresh,ksharma@example.net,Gulbarga,2023-11-22
124,Qarin Bhargava,bordechanakya@example.org,Durgapur,2025-12-23
125,Ekansh Dora,kamdaryashasvi@example.com,Allahabad,2025-12-03
126,Vinaya Babu,walinisha@example.org,Bettiah,2024-06-18
127,Anay Thakkar,ggola@example.org,New Delhi,2024-02-11
128,Irya Loke,xbrar@example.com,Buxar,2024-04-30
129,Charita Buch,chandernidra@example.com,Suryapet,2025-04-27
130,Aditya Garg,tataradha@example.net,Buxar,2023-09-14
131,Victor Kakar,cmadan@example.org,Tinsukia,2025-09-10
132,Praneel Murty,johalmaanas@example.net,Solapur,2024-07-26
133,Wridesh Ramachandran,leena21@example.net,Meerut,2023-09-17
134,Vincent Borra,mekhala50@example.net,Hospet,2025-05-20
135,Ishani Prashad,rgrewal@example.net,Guwahati,2025-12-04
136,Yatin Borah,loyalmitesh@example.com,Pali,2024-08-22
137,Hredhaan Chand,morarsai@example.com,Kota,2023-11-10
138,Rachit Sankar,avala@example.org,Hubli–Dharwad,2024-10-19
139,Ekta Rajan,manneodika@example.com,Karaikudi,2024-04-30
140,Lajita Gara,amrutamitra@example.com,Ulhasnagar,2023-07-26
141,Radhika Majumdar,zayan37@example.net,Berhampore,2023-10-02
142,Daksha Ahuja,nnatarajan@example.com,Gandhidham,2024-09-19
143,Laban Mital,sai75@example.org,Imphal,2024-07-14
144,Xavier Nanda,ymand@example.com,Raipur,2025-09-10
145,Pranit Bala,ckadakia@example.com,Alappuzha,2026-02-27
146,Liam Mitter,zayyandube@example.net,Burhanpur,2023-08-11
147,Varenya Rattan,ybansal@example.com,Moradabad,2024-05-08
148,Ojas Basu,ynarula@example.com,Hyderabad,2023-09-19
149,Tristan Uppal,sanayaprasad@example.com,Giridih,2026-03-26
150,Hemani Bakshi,scheema@example.com,Bhiwandi,2023-11-25
151,Devika Oza,hjhaveri@example.com,Fatehpur,2023-09-17
152,Sneha Nagar,mitalchaitanya@example.net,Lucknow,2024-10-02
153,Nitesh Kohli,nathanielnarayanan@example.net,Surendranagar Dudhrej,2024-04-13
154,Qarin Grewal,brandhawa@example.net,Hospet,2025-10-24
155,Lopa Agrawal,sameshmallick@example.net,Gangtok,2023-09-24
156,Jasmit Nanda,tanvicomar@example.com,Dehri,2026-01-05
157,Lipika Ramanathan,pallindira@example.com,Bihar Sharif,2025-11-28
158,Krish Munshi,kharedalaja@example.org,Dindigul,2026-03-31
159,Yasti Rama,kdevi@example.com,Gaya,2025-05-14
160,Ojas Suri,logan25@example.com,Secunderabad,2023-05-03
161,Laban Hayer,ptiwari@example.com,Pallavaram,2025-01-23
162,Vrinda Ganesh,balasubramanianthomas@example.com,Panipat,2024-04-02
163,Om Shankar,hvaidya@example.net,Agartala,2025-08-09
164,Benjamin Sastry,pavanichaudry@example.net,Bihar Sharif,2023-06-08
165,Adya Pall,sarnajacob@example.org,Giridih,2026-03-24
166,Priya Gandhi,samueljhaveri@example.org,Katihar,2024-06-28
167,Ekiya Master,amara81@example.org,Allahabad,2024-06-22
168,Kevin Krish,ekantakota@example.net,Unnao,2023-11-25
169,Oeshi Prashad,oborra@example.org,Kottayam,2024-06-24
170,Suhani Sura,aarnav17@example.net,Rajkot,2025-07-27
171,Tejas Sanghvi,wardaloyal@example.com,Naihati,2025-08-16
172,Vedhika Oza,batrahardik@example.net,Pune,2023-10-28
173,Ridhi Shan,sanghasamaksh@example.net,Barasat,2023-12-21
174,Girik Patel,fitan52@example.org,Farrukhabad,2026-04-09
175,Pushti Chand,agarwaltanay@example.com,Mira-Bhayandar,2025-10-27
176,Zilmil Saxena,anandhemal@example.org,Mira-Bhayandar,2025-04-30
177,Veer Rajagopal,chaudryharshil@example.com,Dewas,2023-11-18
178,Kiaan Dhar,waliabhiram@example.net,Gandhidham,2024-10-15
179,Max Sabharwal,fkalla@example.org,Amravati,2025-10-20
180,Indali Sanghvi,logan34@example.net,Kulti,2025-08-25
181,Avi Mitra,zarnaupadhyay@example.org,Sagar,2026-01-16
182,Wriddhish Talwar,pchowdhury@example.com,Dehri,2023-05-07
183,Edhitha Deo,xsalvi@example.net,Chittoor,2023-08-10
184,Ekansh Atwal,tanveer00@example.com,Orai,2025-01-23
185,Neelima Butala,arunimachacko@example.com,Sasaram,2024-02-28
186,Eta Raman,mukherjeerajeshri@example.net,Howrah,2024-05-02
187,Radha D’Alia,tbhakta@example.net,Jamshedpur,2023-05-08
188,Advay Gade,hpalan@example.net,Rourkela,2024-11-16
189,Amruta Dalal,nayakpushti@example.com,Firozabad,2025-09-30
190,Watika Shah,christopher79@example.org,Sangli-Miraj & Kupwad,2024-05-19
191,Jack Kari,basuadvik@example.org,Chittoor,2024-11-04
192,Mason Gola,sainiudarsh@example.com,Erode,2024-08-28
193,Faras Pradhan,thakkarcharles@example.org,Hazaribagh,2023-06-29
194,Ekapad Shroff,deepa51@example.net,Bangalore,2024-11-12
195,Bishakha Modi,ucchalpillay@example.net,Thiruvananthapuram,2025-08-15
196,Matthew Ahuja,obajwa@example.net,Bangalore,2024-09-20
197,Krisha Mohanty,jhawazir@example.com,Allahabad,2023-11-26
198,Girik Bassi,zinalsachar@example.net,Berhampore,2023-08-28
199,Yashasvi Deol,lborde@example.net,Raebareli,2026-02-11
200,Warjas Manne,divya65@example.com,Darbhanga,2024-04-15
201,Samaksh Deshpande,dugalhitesh@example.org,Kirari Suleman Nagar,2024-08-18
202,Jai Wason,sarthak74@example.com,Jamshedpur,2023-09-06
203,Daksha Baria,falakdivan@example.org,Raurkela Industrial Township,2024-12-24
204,Chandani Lad,azaanravel@example.com,Bareilly,2025-04-05
205,Logan Dara,bhatiatristan@example.org,Rewa,2024-11-17
206,Aashi Borde,bhattacharyyarudra@example.net,Warangal,2023-09-08
207,Jason Basak,kbedi@example.net,Tenali,2025-05-28
208,Lavanya Sandhu,iryakala@example.org,Parbhani,2025-03-11
209,Bakhshi Korpal,wishi68@example.com,Chandigarh,2024-06-26
210,Laksh Saini,zaidbahl@example.com,Nangloi Jat,2025-08-11
211,Hemangini Thakkar,lipika42@example.org,Kavali,2024-03-24
212,Avni Bhardwaj,wwagle@example.net,Kozhikode,2023-09-21
213,Wridesh Lata,kandalipika@example.com,Belgaum,2024-04-20
214,Jagrati Bala,lucky93@example.com,Akola,2025-05-19
215,Gautam Bhalla,theodorebahri@example.net,Mumbai,2024-09-15
216,Kalpit Oak,ekiyabhargava@example.org,Dharmavaram,2026-04-17
217,Indrajit Vora,elijah56@example.net,Naihati,2024-07-30
218,Laban Dugar,psur@example.com,Kishanganj,2026-03-31
219,Udant Gill,umohanty@example.net,Warangal,2024-01-20
220,Mahika Bali,eeshakant@example.net,Mehsana,2023-11-23
221,Faras Khanna,ekaja21@example.net,Amroha,2023-05-06
222,Shaurya Krish,pallaaahana@example.org,Nashik,2024-12-08
223,Oni Ganesan,ytailor@example.com,Salem,2025-05-02
224,Nicholas Seth,bandichaitaly@example.org,Bhilwara,2023-09-28
225,Hema Garde,udyal@example.org,Sonipat,2025-10-27
226,Azaan Sankar,radhadugar@example.org,Bathinda,2024-03-03
227,Nimrat Zachariah,baghyawati43@example.org,Singrauli,2025-09-23
228,Mitesh Bhagat,aarush61@example.com,Kollam,2023-09-16
229,Samuel Garde,finn71@example.com,Chittoor,2025-05-17
230,Gavin Ram,kamalaraj@example.com,Amroha,2023-06-27
231,Ria Shroff,upkaar49@example.org,Jalandhar,2023-08-30
232,Odika Karan,ramomya@example.net,Chapra,2024-04-19
233,Chandani Brar,gbanerjee@example.net,Jamshedpur,2025-03-16
234,Oliver Kakar,jonathanbasak@example.com,Raebareli,2024-02-26
235,Aarna Nagarajan,chahallipika@example.net,Suryapet,2024-09-06
236,Zinal Shanker,virkoni@example.org,Jalgaon,2023-12-05
237,Hitesh Chaudhuri,hemangini64@example.com,Aurangabad,2025-11-19
238,Baljiwan Gera,neha29@example.net,Agra,2024-12-23
239,Wazir Bawa,xluthra@example.org,Avadi,2024-08-14
240,Vyanjana Chaudhari,krishmital@example.net,Pondicherry,2024-06-10
241,Gaurav Guha,akakar@example.net,Hazaribagh,2024-11-19
242,Yutika Dutt,mukhopadhyayyashawini@example.com,Loni,2025-09-18
243,Oscar Hans,dalbirkrish@example.org,Dhanbad,2024-10-29
244,Anusha Pillay,ztiwari@example.net,Ludhiana,2024-04-28
245,Vrinda Sehgal,urvipalla@example.com,Rampur,2026-03-24
246,Bhavani Bala,kbawa@example.net,Korba,2026-01-18
247,Samuel Luthra,bvarghese@example.net,Bhalswa Jahangir Pur,2023-11-10
248,Abhiram Kapur,dalaja46@example.com,Jaunpur,2024-05-14
249,Unnati Mittal,achaudry@example.net,Kishanganj,2026-01-18
250,Chanchal Chokshi,vbhatt@example.com,Bally,2024-05-28
251,Raghav Doctor,daksheshraval@example.net,Kolhapur,2023-05-28
252,Chakrika Lad,yravel@example.net,Ballia,2025-09-23
253,Hemal Kapadia,gparmer@example.com,Proddatur,2024-01-25
254,Gunbir Sinha,aarnagoswami@example.net,Hubli–Dharwad,2024-03-29
255,Udant Mohanty,xnarula@example.com,Madhyamgram,2023-10-18
256,Chatresh Bobal,ghayer@example.org,Bettiah,2024-07-25
257,Chatura Dora,saioommen@example.com,Asansol,2024-08-22
258,Faris Sura,peter50@example.org,Panipat,2024-03-09
259,Nathan Suri,dayalradha@example.net,Sambhal,2025-02-13
260,Leela Agrawal,wallaryan@example.net,Kanpur,2024-08-31
261,Andrew Agrawal,upkaarpadmanabhan@example.com,Kota,2024-12-04
262,Oliver Bhattacharyya,misrabina@example.com,Raebareli,2026-03-20
263,Hema Suri,raghav26@example.org,Rajahmundry,2023-11-08
264,Anthony Thaman,jatinperi@example.net,Gandhinagar,2026-01-07
265,Chanakya Bava,bahrichanakya@example.net,Erode,2025-03-09
266,Jatin Krishnan,ndua@example.net,Barasat,2025-01-31
267,Zinal Madan,omyacheema@example.net,Ichalkaranji,2023-10-13
268,Widisha Issac,adyavirk@example.org,Alappuzha,2024-07-20
269,Balveer Taneja,vasananarayanan@example.org,Ahmedabad,2026-02-25
270,Indrajit Tak,gautamvaidya@example.org,Bardhaman,2026-01-13
271,Tanmayi Minhas,ucchal01@example.org,Ramagundam,2024-10-29
272,Pooja D’Alia,bathaditya@example.org,Ozhukarai,2024-10-25
273,Amrita Chander,hema21@example.com,Sirsa,2024-06-14
274,Vanya Sama,isaiahdeo@example.net,Kozhikode,2023-09-27
275,Vasudha Sarma,ladliparmer@example.net,Bikaner,2025-05-08
276,Isaiah Sabharwal,ebatra@example.com,Ahmedabad,2026-04-17
277,Hamsini Venkataraman,santyuvraj@example.com,Kharagpur,2023-12-05
278,Advay Dugar,ktandon@example.org,Pondicherry,2024-04-27
279,Arunima Bedi,kritikarau@example.org,Jaunpur,2025-03-09
280,Gaurang Tara,hmutti@example.com,Kota,2025-01-04
281,Balendra Acharya,modiyashoda@example.net,Sirsa,2024-09-29
282,Chatura Kapoor,jnarula@example.net,Bharatpur,2025-03-21
283,Gunbir Kapadia,omisha@example.net,Motihari,2025-07-07
284,Hitesh Bath,waidadey@example.net,Aligarh,2024-05-18
285,Raghav Dara,dkale@example.org,Moradabad,2025-01-21
286,Jatin Seshadri,ithaman@example.com,Bettiah,2023-07-03
287,Vasudha Trivedi,oscardave@example.org,Ghaziabad,2025-11-15
288,Yamini Rajagopalan,rkothari@example.com,Durg,2025-03-22
289,Lakshit Sachar,dipta83@example.org,Ramagundam,2026-03-20
290,Kevin Gokhale,jack58@example.com,Deoghar,2024-07-06
291,Agastya Virk,bakshilakshmi@example.org,Pimpri-Chinchwad,2024-02-23
292,Naveen Mangat,madhav04@example.org,Secunderabad,2025-03-22
293,Udarsh Ramachandran,yastimani@example.net,Eluru,2024-12-11
294,Dhriti Bhagat,krishnamurthysamaksh@example.net,Kamarhati,2025-12-28
295,Ronith Hari,saumya21@example.org,Kottayam,2023-10-21
296,Banjeet Sangha,aishani22@example.net,Kolkata,2024-09-13
297,Mohammed Baral,ekantikabehl@example.net,Pallavaram,2025-09-24
298,Elijah Nadkarni,qarinverma@example.org,Vijayanagaram,2025-08-09
299,George Palla,tanaynarula@example.com,Durg,2024-03-23
300,Aditya Contractor,sanaya39@example.net,Thane,2026-03-14
301,Lakshmi Comar,ikunda@example.net,Nagpur,2025-06-29
302,Yoshita Trivedi,csur@example.com,Pondicherry,2025-06-25
303,Gopal Ganesh,bhattishivansh@example.net,Khandwa,2023-09-27
304,Radhika Bora,arjunsharaf@example.net,Agra,2023-09-01
305,Chatura Gokhale,ekavir93@example.com,Munger,2025-03-19
306,Rachita Mutti,ramachandranjagat@example.net,Tadipatri,2023-07-26
307,Elijah Parmar,manncharvi@example.net,Ichalkaranji,2025-02-26
308,Megha Balasubramanian,idugar@example.org,Katni,2025-08-13
309,Maanas Misra,advay88@example.org,Kalyan-Dombivli,2023-04-26
310,Frederick Mody,hemanginikakar@example.com,Nanded,2024-01-29
311,Zayyan Hari,gollachatura@example.net,Jamalpur,2023-08-10
312,Ekalinga Krishna,horavidhi@example.com,Warangal,2026-02-24
313,Harish Mane,harieesha@example.com,Ozhukarai,2025-12-01
314,Michael Patla,priya20@example.com,Korba,2026-01-08
315,Aradhana Parsa,garimasrinivasan@example.com,Secunderabad,2024-08-05
316,Ikbal Gill,mandlogan@example.net,Firozabad,2025-12-17
317,Faqid Bahl,ravelsimon@example.org,Tinsukia,2025-08-04
318,Manthan Pau,xkapoor@example.net,Guntur,2025-04-09
319,Mekhala Patla,kharenoah@example.net,Amroha,2023-12-22
320,Madhav Sule,banjeet37@example.org,Bilaspur,2024-11-12
321,Brijesh Jhaveri,lipika77@example.org,North Dumdum,2023-09-26
322,Adya Ghosh,xradhakrishnan@example.net,Hazaribagh,2024-05-13
323,Udant Varty,wpandit@example.com,Mahbubnagar,2023-04-29
324,Ria Gandhi,farajvarkey@example.net,Rajpur Sonarpur,2023-12-08
325,Nakul Pathak,karpeoeshi@example.com,Ongole,2026-03-02
326,Varenya Kade,nirjabains@example.org,Warangal,2025-09-25
327,Krish Vala,dindaksh@example.org,Bokaro,2025-06-29
328,Anirudh Mander,kalitasaumya@example.net,Ongole,2024-01-08
329,Nirja Dhar,yastilalla@example.org,Malda,2025-10-31
330,Victor Radhakrishnan,gdeo@example.org,Nagaon,2025-06-10
331,Mason Char,vamakshibarad@example.net,Tiruchirappalli,2025-05-07
332,Aarav Sankar,cprabhakar@example.net,Berhampur,2025-05-06
333,Inaya Chaudhari,qdesai@example.com,Gwalior,2024-07-02
334,Aarini Gulati,amblejacob@example.net,Gandhinagar,2026-01-29
335,Diya Rege,hredhaan26@example.net,Bhilwara,2025-07-29
336,Jasmit Majumdar,ajani@example.net,Mangalore,2024-11-14
337,Zehaan Mohanty,mitali21@example.net,Amroha,2026-04-09
338,Harish Kala,znigam@example.net,Nanded,2024-12-13
339,Gavin Dhillon,fsaran@example.org,Korba,2024-11-15
340,Baljiwan Rajagopalan,sverma@example.net,Akola,2026-01-07
341,Reva Anne,zarnamangal@example.org,Khora ,2025-06-20
342,Omkaar Banik,william02@example.org,Silchar,2024-10-18
343,Nidra Iyer,biswasgautam@example.net,Karaikudi,2025-10-10
344,Idika Malhotra,robertsha@example.com,Bhilwara,2024-01-15
345,Yashawini Chhabra,thakurchaitaly@example.com,Anand,2024-05-23
346,Saanvi Purohit,wkohli@example.com,Jaunpur,2025-10-16
347,Vasatika Dada,ekansh63@example.net,Satna,2025-01-18
348,Zaitra Wason,lallyuvraj@example.com,Silchar,2026-02-28
349,Faqid Gokhale,wmurthy@example.org,South Dumdum,2026-03-15
350,Wishi Iyengar,wyattlanka@example.org,Panihati,2024-05-10
351,Nachiket Chhabra,brarwaida@example.net,Hosur,2023-06-23
352,Kamya Murty,fmaharaj@example.org,Sikar,2024-03-29
353,Chatura Vora,isridhar@example.org,Singrauli,2026-03-20
354,Tanvi Dara,smutti@example.org,Bhagalpur,2024-11-28
355,Eshana Pathak,rachit84@example.org,Chittoor,2025-11-26
356,Jasmit Gour,nsamra@example.com,Bharatpur,2024-12-31
357,Shravya Gole,veerchaudhry@example.net,Noida,2025-08-28
358,Lakshmi Hayre,masonsolanki@example.org,Bidar,2025-06-03
359,Zansi Walla,vidhi44@example.net,Sikar,2023-09-19
360,Darpan Kale,vamakshi17@example.net,Bhilwara,2024-10-30
361,Aarini Padmanabhan,sabharwaljairaj@example.com,Gangtok,2025-09-29
362,Bhavani Pant,yashvi77@example.org,Srikakulam,2024-07-07
363,Maanav Ganesh,oviya99@example.com,Vijayawada,2023-12-26
364,Vedant Murthy,bishakha49@example.net,Gopalpur,2025-03-10
365,Shravya Sachdev,qarinbajaj@example.org,Chandrapur,2026-04-11
366,Shivansh Ganesan,gchauhan@example.org,Motihari,2023-07-11
367,Mekhala Viswanathan,chawlaadweta@example.net,Guwahati,2026-01-30
368,Dayamai Karnik,bhanumatisavant@example.net,Mira-Bhayandar,2025-07-15
369,Ayush Banerjee,eshana77@example.net,Motihari,2025-03-10
370,Peter Shan,oviswanathan@example.net,Sri Ganganagar,2025-05-06
371,Gaurav Sathe,jasmit64@example.org,Hyderabad,2023-04-19
372,Hemangini Mangat,awarrior@example.net,Morena,2024-07-27
373,Qushi Master,abhimanyuprakash@example.org,Kishanganj,2025-02-26
374,Zaid Gade,oradhakrishnan@example.com,Bhusawal,2025-12-15
375,Zansi Magar,amruta63@example.org,Bhavnagar,2024-07-11
376,Tamanna Sethi,vyanjana35@example.org,Dhanbad,2025-07-28
377,Quincy Chaudry,amruta27@example.net,Muzaffarpur,2023-09-06
378,Alexander Tak,hemasalvi@example.com,Serampore,2025-04-08
379,Ganga Buch,dakshlata@example.com,Tinsukia,2025-04-18
380,Rehaan Krishna,harora@example.net,Kharagpur,2025-03-07
381,Bahadurjit Issac,hchandra@example.net,Bhalswa Jahangir Pur,2024-12-13
382,Ekantika Dutt,vermajason@example.com,Bihar Sharif,2024-02-21
383,Charles Kamdar,keerradha@example.com,Rourkela,2024-06-20
384,Meghana Kibe,basakvaishnavi@example.net,Serampore,2023-09-05
385,Nakul Tata,nigamdarpan@example.org,Jamnagar,2026-04-12
386,Jeremiah Sura,edhithapalan@example.com,Jaipur,2026-03-24
387,Ishita Desai,balveer77@example.net,Hosur,2026-04-05
388,Ranveer Grover,ekiya74@example.net,Coimbatore,2025-07-22
389,Shivani Merchant,jeevika70@example.net,Udaipur,2023-05-18
390,William Nagi,yohannanlila@example.org,Suryapet,2023-12-14
391,Ekantika Rout,indrajit18@example.net,Varanasi,2023-11-06
392,Azad Jaggi,sunderrehaan@example.org,Aurangabad,2026-01-09
393,Vrishti Vora,chandran53@example.net,Ahmedabad,2024-03-08
394,Fariq Sidhu,patelojasvi@example.com,Tadepalligudem,2024-06-04
395,Ekavir Modi,kalitazilmil@example.org,Ahmednagar,2025-07-22
396,Ranveer Hans,praneelsagar@example.net,Gangtok,2024-10-26
397,Prisha Chawla,pranitratti@example.net,Sangli-Miraj & Kupwad,2025-07-26
398,Indira Murty,kamya66@example.net,Narasaraopet,2024-04-26
399,Keya Kumar,sneha76@example.org,Anantapuram,2025-10-30
400,Zarna Deshmukh,abeer43@example.org,Lucknow,2026-03-25
401,Yasti Dubey,baradtriveni@example.com,Durgapur,2024-06-03
402,Zaid Kaul,charita19@example.com,Solapur,2024-09-04
403,Oscar Sura,mitalbaljiwan@example.net,Vijayawada,2023-07-14
404,Ijaya Saraf,xdara@example.org,Eluru,2023-07-12
405,Benjamin Nagar,etathakkar@example.net,Jamnagar,2023-07-06
406,Sanaya Thaman,kapadiarachana@example.com,Siliguri,2023-11-10
407,Fitan Soni,rastogiadweta@example.org,Orai,2025-02-21
408,Krishna Srivastava,vinayarana@example.net,Kishanganj,2025-11-30
409,Xavier Bora,qushi59@example.org,Haridwar,2025-02-04
410,Ijaya Halder,hemangini90@example.com,Etawah,2025-12-01
411,Madhav Sastry,kaurryan@example.net,Bhatpara,2023-08-30
412,Chatura Kibe,bhavnaatwal@example.com,Farrukhabad,2025-03-18
413,Arin Narula,siddharthjani@example.net,Motihari,2025-05-08
414,Andrew Puri,kumeronkar@example.org,Kollam,2026-04-05
415,Chatresh Shroff,bhavsarlipika@example.net,Karimnagar,2023-10-03
416,Brinda Raju,lajitatrivedi@example.net,Satna,2025-05-10
417,Quincy Issac,cbains@example.org,Thoothukudi,2025-05-19
418,Naksh Badami,indira54@example.org,Ghaziabad,2025-12-16
419,Lila Balan,umang25@example.com,Chandigarh,2024-12-02
420,Omisha Khosla,poojamuni@example.net,Sultan Pur Majra,2025-08-08
421,Samuel Devi,lakshitmore@example.net,Chinsurah,2023-11-30
422,Eesha Bir,goureesha@example.org,Imphal,2025-01-21
423,Chavvi Savant,max31@example.org,Indore,2025-11-24
424,Vihaan Kata,atharvparmer@example.org,Guntur,2025-06-07
425,Kashvi Gour,eswamy@example.org,Nellore,2024-04-04
426,Nilima Aurora,nitara33@example.org,Belgaum,2025-03-01
427,Ekta Shankar,prisharavel@example.org,Satara,2024-12-21
428,Ikbal Seth,pbasak@example.net,Thane,2025-09-01
429,Zaitra Bawa,bishakhasarraf@example.com,Baranagar,2025-04-04
430,Pahal Menon,varugheselucky@example.com,Mysore,2025-06-04
431,Pranit Deshmukh,usachdev@example.com,Mangalore,2025-03-23
432,Suhani Chana,ekiya21@example.org,Hospet,2025-12-28
433,Frederick Viswanathan,nvaidya@example.org,Jamalpur,2024-11-30
434,Onkar Nayak,nicholasdhillon@example.org,Gurgaon,2024-08-09
435,Sanaya Mani,jacobdeep@example.org,Nizamabad,2023-05-07
436,Widisha Tara,takwazir@example.org,Malda,2025-01-15
437,Fariq Ahuja,arunimajohal@example.org,Siliguri,2023-07-13
438,Balhaar Dhillon,misragarima@example.org,Moradabad,2025-01-25
439,Neel Mane,tamannaparsa@example.org,Dewas,2024-09-01
440,Ladli Bir,sbhattacharyya@example.com,Bhilai,2026-04-02
441,Forum Vyas,nvohra@example.net,Pudukkottai,2023-07-18
442,Gagan Sule,prisha95@example.com,Bikaner,2025-11-28
443,Zinal Tank,ngole@example.org,Jammu,2023-04-21
444,Arjun Shroff,johaloeshi@example.com,Thoothukudi,2024-10-13
445,Advay Jaggi,aachal14@example.com,Chennai,2023-10-12
446,Harita Randhawa,gillrishi@example.com,Nangloi Jat,2025-04-25
447,Laban Subramaniam,triveniyadav@example.com,Haridwar,2023-07-15
448,Diya Wason,joshigarima@example.com,Jalgaon,2024-06-27
449,Harinakshi Prashad,lopagrover@example.net,Aizawl,2026-04-18
450,Azad Magar,fchadha@example.org,Bidhannagar,2024-08-01
451,Chasmum Gill,prasadbaljiwan@example.org,Raiganj,2025-06-13
452,Vasudha Tella,ranveeroak@example.com,Khammam,2023-11-27
453,Zaitra Deo,balhaarsharaf@example.com,Kolkata,2024-08-14
454,Gagan Nath,gbatra@example.net,Lucknow,2025-10-02
455,Shaurya Nagi,reyanshmangat@example.com,Gandhidham,2026-02-24
456,Anjali Dixit,anushacontractor@example.org,Tiruppur,2025-08-08
457,Eiravati Madan,bhanumatikonda@example.org,Bijapur,2025-11-26
458,Sachi Bedi,ayushsinha@example.net,Aligarh,2024-12-04
459,Gabriel Sandhu,tgola@example.net,Tadepalligudem,2024-10-22
460,Gaurangi Hora,shroffkaran@example.org,Jalandhar,2025-03-26
461,Udyati Singhal,udarshdhawan@example.net,Bharatpur,2024-12-18
462,Ganga Nair,bsura@example.org,Gorakhpur,2024-10-15
463,Triya Garde,ijaya99@example.org,Machilipatnam,2023-10-02
464,Ekavir Mittal,lrattan@example.com,Udupi,2024-05-01
465,Vasatika Rajagopalan,oaksathvik@example.net,Raebareli,2025-09-16
466,Warinder Ghose,surishwar@example.net,Anantapur,2025-08-28
467,Sai Goda,nidra19@example.org,Khammam,2025-05-25
468,Gautam Kalla,aadidin@example.net,Bidhannagar,2025-07-22
469,Madhavi Sekhon,sameshnadig@example.com,Raebareli,2024-10-04
470,Abhiram Uppal,sdatta@example.org,Jamalpur,2023-07-10
471,Jagrati Choudhary,azaan36@example.net,Ratlam,2024-12-03
472,Lakshmi Saran,oscarsoman@example.org,Miryalaguda,2024-12-06
473,Omisha Dube,jeremiah20@example.org,Asansol,2025-05-14
474,Laban Chad,ojasvishah@example.net,Bokaro,2025-03-24
475,Shivani Rajagopalan,upkaar26@example.net,Gangtok,2025-05-31
476,Yachana Luthra,cperi@example.org,Arrah,2023-10-11
477,Fariq Dhar,udyati81@example.net,Sambalpur,2025-04-21
478,Devika Bera,advay77@example.net,Chapra,2024-09-14
479,Ira Menon,oliver09@example.net,Phusro,2024-05-27
480,Urvashi Gara,manneavi@example.com,Gwalior,2023-11-02
481,Arunima Krishnan,avnimaharaj@example.com,Gorakhpur,2025-11-12
482,Matthew Sekhon,parth43@example.com,Dehri,2023-06-09
483,Frado Dhillon,warhisachar@example.com,Gandhidham,2026-01-03
484,Shivansh Pai,lallajack@example.org,Madhyamgram,2024-12-28
485,Charvi Soni,ladliramakrishnan@example.com,Ulhasnagar,2025-07-21
486,Advik Mani,rraja@example.com,Jalandhar,2025-07-22
487,Rachana Mahajan,anamika41@example.com,Surendranagar Dudhrej,2026-03-03
488,Robert Venkatesh,pranit58@example.org,Jabalpur,2023-05-07
489,Guneet Vohra,sehgalindali@example.org,Chandrapur,2024-02-12
490,Arjun Chanda,kallajairaj@example.net,Chandigarh,2025-11-13
491,Keya Goyal,gourzehaan@example.com,Aurangabad,2026-01-05
492,Aradhana Sane,aarini21@example.com,Eluru,2024-12-12
493,Darpan Kuruvilla,pranav71@example.com,Phagwara,2024-12-18
494,Vyanjana Chopra,raaginikamdar@example.net,Mango,2024-05-25
495,Bakhshi Bora,krishnasanaya@example.org,Jalgaon,2026-01-27
496,Baljiwan Ramakrishnan,max56@example.net,Kottayam,2025-05-20
497,Rajata Raval,zachariahupkaar@example.org,Ongole,2023-10-24
498,Gauri Mitter,obhakta@example.net,Ambarnath,2025-07-27
499,Faris Sharaf,samaksh28@example.org,Jhansi,2024-07-26
500,Hredhaan Parmer,ochad@example.com,Kolhapur,2023-06-13
